-- ===============================
-- 1. NGƯỜI DÙNG
-- ===============================
CREATE TABLE NGUOIDUNG (
    ID NUMBER PRIMARY KEY,
    EMAIL VARCHAR2(100),
    MATKHAU VARCHAR2(100) NOT NULL,
    HOTEN VARCHAR2(100),
    LOAITK VARCHAR2(20) CHECK (LOAITK IN ('KHACHHANG', 'DOANHNGHIEP'))
);

-- ===============================
-- 2. KHÁCH HÀNG
-- ===============================
CREATE TABLE KHACHHANG (
    ID NUMBER PRIMARY KEY REFERENCES NGUOIDUNG(ID),
    CCCD VARCHAR2(20),
    NGAYSINH DATE
);

-- ===============================
-- 3. DOANH NGHIỆP
-- ===============================
CREATE TABLE DOANHNGHIEP (
    ID NUMBER PRIMARY KEY REFERENCES NGUOIDUNG(ID),
    TENDN VARCHAR2(100),
    LOAIDN VARCHAR2(20) CHECK (LOAIDN IN ('KHACHSAN', 'HANGPHUONGTIEN')),
    DIACHI VARCHAR2(200),
    MOTA CLOB
);

-- ===============================
-- 4. NHÂN VIÊN
-- ===============================
CREATE TABLE NHANVIEN (
    ID NUMBER PRIMARY KEY REFERENCES NGUOIDUNG(ID),
    BOPHAN VARCHAR2(50)
);

-- ===============================
-- 5. PHÒNG ĐĂNG TẢI
-- ===============================
CREATE TABLE PHONG_DANGTAI (
    ID NUMBER PRIMARY KEY,
    DOANHNGHIEP_ID NUMBER REFERENCES DOANHNGHIEP(ID),
    TENPHONG VARCHAR2(100),
    LOAIPHONG VARCHAR2(50),
    GIA NUMBER,
    MOTA CLOB,
    SOLUONGCONLAI NUMBER,
    tongsoluong number,
    NGAYDANG DATE DEFAULT SYSDATE
);

-- ===============================
-- 6. CHUYẾN ĐĂNG TẢI
-- ===============================
CREATE TABLE CHUYEN_DANGTAI (
    ID NUMBER PRIMARY KEY,
    DOANHNGHIEP_ID NUMBER REFERENCES DOANHNGHIEP(ID),
    LOAIPHUONGTIEN VARCHAR2(50),
    DIEMDI VARCHAR2(100),
    DIEMDEN VARCHAR2(100),
    NGAYGIOKHOIHANH DATE,
    GIA NUMBER,
    MOTA CLOB,
    SOLUONGCONLAI NUMBER,
    NGAYDANG DATE DEFAULT SYSDATE
);

-- ===============================
-- 7. ĐẶT PHÒNG
-- ===============================
CREATE TABLE DATPHONG (
    ID NUMBER PRIMARY KEY,
    KHACHHANG_ID NUMBER REFERENCES KHACHHANG(ID),
    PHONG_ID NUMBER REFERENCES PHONG_DANGTAI(ID),
    NGAYNHAN DATE,
    SONGAY NUMBER,
    TRANGTHAI VARCHAR2(20)
);

-- ===============================
-- 8. ĐẶT VÉ
-- ===============================
CREATE TABLE DATVE (
    ID NUMBER PRIMARY KEY,
    KHACHHANG_ID NUMBER REFERENCES KHACHHANG(ID),
    CHUYEN_ID NUMBER REFERENCES CHUYEN_DANGTAI(ID),
    SOLUONG NUMBER,
    NGAYDAT DATE,
    TRANGTHAI VARCHAR2(20)
);

-- ===============================
-- 9. THANH TOÁN (Chung cho cả đơn đặt phòng và vé)
-- ===============================
CREATE TABLE THANHTOAN (
    ID NUMBER PRIMARY KEY,
    KHACHHANG_ID NUMBER REFERENCES KHACHHANG(ID),
    LOAIDON VARCHAR2(10) CHECK (LOAIDON IN ('PHONG', 'VE')),
    MADON NUMBER NOT NULL, -- Tham chiếu đến DATPHONG.ID hoặc DATVE.ID
    SOTIEN NUMBER,
    PHUONGTHUC VARCHAR2(20), -- MOMO, VNPAY, THEDTIN
    TRANGTHAI VARCHAR2(20) CHECK (TRANGTHAI IN ('CHOTHANHTOAN', 'DATHANHTOAN', 'THATBAI')),
    NGAYGIAODICH DATE DEFAULT SYSDATE,
    MAGIAODICH_DOITAC VARCHAR2(100)
);

-- ===============================
-- 10. HỎI ĐÁP / KHIẾU NẠI
-- ===============================
CREATE TABLE HOIDAP (
    ID NUMBER PRIMARY KEY,
    KHACHHANG_ID NUMBER REFERENCES KHACHHANG(ID),
    NOIDUNG CLOB,
    NGAYGUI DATE DEFAULT SYSDATE,
    NHANVIEN_ID NUMBER REFERENCES NHANVIEN(ID),
    TRALOI CLOB,
    NGAYTRALOI DATE
);


-- ===============================
-- Tạo sequence để tự tăng id của nguoidung
-- ===============================
CREATE SEQUENCE SEQ_NGUOIDUNG_ID START WITH 1 INCREMENT BY 1;

-- ===============================
-- Tạo trigger cho mỗi lần insert vào bảng nguoidung
-- ===============================
CREATE OR REPLACE TRIGGER TRG_AUTO_ID_NGUOIDUNG
BEFORE INSERT ON NGUOIDUNG
FOR EACH ROW
BEGIN
  IF :NEW.ID IS NULL THEN
    SELECT SEQ_NGUOIDUNG_ID.NEXTVAL INTO :NEW.ID FROM dual;
  END IF;
END;

-- Fake data for booking PDB: ~10–20 rows per table

-- 1. NGUOIDUNG (20 rows)
INSERT INTO NGUOIDUNG(ID, EMAIL, MATKHAU, HOTEN, LOAITK) VALUES ( 1,'kh1@example.com','p@ss1','Nguyễn Văn A','KHACHHANG');
INSERT INTO NGUOIDUNG(ID, EMAIL, MATKHAU, HOTEN, LOAITK) VALUES ( 2,'kh2@example.com','p@ss2','Trần Thị B','KHACHHANG');
INSERT INTO NGUOIDUNG(ID, EMAIL, MATKHAU, HOTEN, LOAITK) VALUES ( 3,'kh3@example.com','p@ss3','Lê Văn C','KHACHHANG');
INSERT INTO NGUOIDUNG(ID, EMAIL, MATKHAU, HOTEN, LOAITK) VALUES ( 4,'kh4@example.com','p@ss4','Phạm Thị D','KHACHHANG');
INSERT INTO NGUOIDUNG(ID, EMAIL, MATKHAU, HOTEN, LOAITK) VALUES ( 5,'kh5@example.com','p@ss5','Hoàng Văn E','KHACHHANG');
INSERT INTO NGUOIDUNG(ID, EMAIL, MATKHAU, HOTEN, LOAITK) VALUES ( 6,'kh6@example.com','p@ss6','Đinh Thị F','KHACHHANG');
INSERT INTO NGUOIDUNG(ID, EMAIL, MATKHAU, HOTEN, LOAITK) VALUES ( 7,'kh7@example.com','p@ss7','Bùi Văn G','KHACHHANG');
INSERT INTO NGUOIDUNG(ID, EMAIL, MATKHAU, HOTEN, LOAITK) VALUES ( 8,'kh8@example.com','p@ss8','Võ Thị H','KHACHHANG');
INSERT INTO NGUOIDUNG(ID, EMAIL, MATKHAU, HOTEN, LOAITK) VALUES ( 9,'kh9@example.com','p@ss9','Đào Văn I','KHACHHANG');
INSERT INTO NGUOIDUNG(ID, EMAIL, MATKHAU, HOTEN, LOAITK) VALUES (10,'kh10@example.com','p@ss10','Trương Thị J','KHACHHANG');
INSERT INTO NGUOIDUNG(ID, EMAIL, MATKHAU, HOTEN, LOAITK) VALUES (11,'sunrise@example.com','hotel123','Sunrise Hotel','DOANHNGHIEP');
INSERT INTO NGUOIDUNG(ID, EMAIL, MATKHAU, HOTEN, LOAITK) VALUES (12,'seaview@example.com','pass456','Sea View Resort','DOANHNGHIEP');
INSERT INTO NGUOIDUNG(ID, EMAIL, MATKHAU, HOTEN, LOAITK) VALUES (13,'mountain@example.com','mtn789','Mountain Inn','DOANHNGHIEP');
INSERT INTO NGUOIDUNG(ID, EMAIL, MATKHAU, HOTEN, LOAITK) VALUES (14,'fastbus@example.com','bus123','Fast Bus','DOANHNGHIEP');
INSERT INTO NGUOIDUNG(ID, EMAIL, MATKHAU, HOTEN, LOAITK) VALUES (15,'train5star@example.com','train456','5-Star Train','DOANHNGHIEP');
INSERT INTO NGUOIDUNG(ID, EMAIL, MATKHAU, HOTEN, LOAITK) VALUES (16,'nv1@example.com','nvpass1','Nguyễn Văn NV1','DOANHNGHIEP');
INSERT INTO NGUOIDUNG(ID, EMAIL, MATKHAU, HOTEN, LOAITK) VALUES (17,'nv2@example.com','nvpass2','Trần Thị NV2','DOANHNGHIEP');
INSERT INTO NGUOIDUNG(ID, EMAIL, MATKHAU, HOTEN, LOAITK) VALUES (18,'nv3@example.com','nvpass3','Lê Văn NV3','DOANHNGHIEP');
INSERT INTO NGUOIDUNG(ID, EMAIL, MATKHAU, HOTEN, LOAITK) VALUES (19,'nv4@example.com','nvpass4','Phạm Thị NV4','DOANHNGHIEP');
INSERT INTO NGUOIDUNG(ID, EMAIL, MATKHAU, HOTEN, LOAITK) VALUES (20,'nv5@example.com','nvpass5','Hoàng Văn NV5','DOANHNGHIEP');

-- 2. KHACHHANG (10 rows)
INSERT INTO KHACHHANG(ID, CCCD, NGAYSINH) VALUES ( 1,'012345001',TO_DATE('1985-01-15','YYYY-MM-DD'));
INSERT INTO KHACHHANG(ID, CCCD, NGAYSINH) VALUES ( 2,'012345002',TO_DATE('1986-02-20','YYYY-MM-DD'));
INSERT INTO KHACHHANG(ID, CCCD, NGAYSINH) VALUES ( 3,'012345003',TO_DATE('1987-03-25','YYYY-MM-DD'));
INSERT INTO KHACHHANG(ID, CCCD, NGAYSINH) VALUES ( 4,'012345004',TO_DATE('1988-04-30','YYYY-MM-DD'));
INSERT INTO KHACHHANG(ID, CCCD, NGAYSINH) VALUES ( 5,'012345005',TO_DATE('1989-05-05','YYYY-MM-DD'));
INSERT INTO KHACHHANG(ID, CCCD, NGAYSINH) VALUES ( 6,'012345006',TO_DATE('1990-06-10','YYYY-MM-DD'));
INSERT INTO KHACHHANG(ID, CCCD, NGAYSINH) VALUES ( 7,'012345007',TO_DATE('1991-07-15','YYYY-MM-DD'));
INSERT INTO KHACHHANG(ID, CCCD, NGAYSINH) VALUES ( 8,'012345008',TO_DATE('1992-08-20','YYYY-MM-DD'));
INSERT INTO KHACHHANG(ID, CCCD, NGAYSINH) VALUES ( 9,'012345009',TO_DATE('1993-09-25','YYYY-MM-DD'));
INSERT INTO KHACHHANG(ID, CCCD, NGAYSINH) VALUES (10,'012345010',TO_DATE('1994-10-30','YYYY-MM-DD'));

-- 3. DOANHNGHIEP (5 rows)
INSERT INTO DOANHNGHIEP(ID, TENDN, LOAIDN, DIACHI, MOTA) VALUES (11,'Sunrise Hotel','KHACHSAN','123 Beach Rd','Khách sạn ven biển sang trọng');
INSERT INTO DOANHNGHIEP(ID, TENDN, LOAIDN, DIACHI, MOTA) VALUES (12,'Sea View Resort','KHACHSAN','456 Ocean St','Resort cao cấp với view biển');
INSERT INTO DOANHNGHIEP(ID, TENDN, LOAIDN, DIACHI, MOTA) VALUES (13,'Mountain Inn','KHACHSAN','789 Hill Rd','Khách sạn trên đồi yên tĩnh');
INSERT INTO DOANHNGHIEP(ID, TENDN, LOAIDN, DIACHI, MOTA) VALUES (14,'Fast Bus','HANGPHUONGTIEN','101 Airport Ave','Dịch vụ xe khách nhanh chóng');
INSERT INTO DOANHNGHIEP(ID, TENDN, LOAIDN, DIACHI, MOTA) VALUES (15,'5-Star Train','HANGPHUONGTIEN','202 Station Blvd','Tàu hỏa giường nằm 5 sao');

-- 4. NHANVIEN (5 rows)
INSERT INTO NHANVIEN(ID, BOPHAN) VALUES (16,'Lễ tân');
INSERT INTO NHANVIEN(ID, BOPHAN) VALUES (17,'Chăm sóc khách');
INSERT INTO NHANVIEN(ID, BOPHAN) VALUES (18,'Kế toán');
INSERT INTO NHANVIEN(ID, BOPHAN) VALUES (19,'Bảo trì');
INSERT INTO NHANVIEN(ID, BOPHAN) VALUES (20,'Quản lý');

-- 5. PHONG_DANGTAI (15 rows)
INSERT INTO PHONG_DANGTAI(ID, DOANHNGHIEP_ID, TENPHONG, LOAIPHONG, GIA,     MOTA,                      SOLUONGCONLAI, tongsoluong,  NGAYDANG) VALUES
 ( 1,11,'Deluxe 101','DELUXE',2000000,'Rộng rãi, ban công','5','5',TO_DATE('2025-05-01','YYYY-MM-DD'));
INSERT INTO PHONG_DANGTAI VALUES ( 2,11,'Standard 102','STANDARD',1200000,'Tiêu chuẩn đầy đủ','5','8',TO_DATE('2025-05-02','YYYY-MM-DD'));
INSERT INTO PHONG_DANGTAI VALUES ( 3,11,'Suite 201','SUITE',3000000,'Hạng VIP cao cấp','2','5',TO_DATE('2025-05-03','YYYY-MM-DD'));
INSERT INTO PHONG_DANGTAI VALUES ( 4,12,'Deluxe 103','DELUXE',2100000,'View biển tuyệt đẹp','3','3',TO_DATE('2025-05-04','YYYY-MM-DD'));
INSERT INTO PHONG_DANGTAI VALUES ( 5,12,'Standard 104','STANDARD',1300000,'Thoải mái, tiện nghi','6','6',TO_DATE('2025-05-05','YYYY-MM-DD'));
INSERT INTO PHONG_DANGTAI VALUES ( 6,12,'Suite 202','SUITE',3100000,'Rộng, tiện nghi cao','1','1',TO_DATE('2025-05-06','YYYY-MM-DD'));
INSERT INTO PHONG_DANGTAI VALUES ( 7,13,'Deluxe 105','DELUXE',2200000,'Không gian yên tĩnh','4','4',TO_DATE('2025-05-07','YYYY-MM-DD'));
INSERT INTO PHONG_DANGTAI VALUES ( 8,13,'Standard 106','STANDARD',1400000,'Gần trung tâm','7','7',TO_DATE('2025-05-08','YYYY-MM-DD'));
INSERT INTO PHONG_DANGTAI VALUES ( 9,13,'Suite 203','SUITE',3200000,'Đầy đủ tiện nghi','2','2',TO_DATE('2025-05-09','YYYY-MM-DD'));
INSERT INTO PHONG_DANGTAI VALUES (10,14,'Bus VIP','VIP_BUS',500000,'Xe ghế ngã cao cấp','10','10',TO_DATE('2025-05-10','YYYY-MM-DD'));
INSERT INTO PHONG_DANGTAI VALUES (11,14,'Bus Standard','STANDARD','300000','Xe ghế ngồi thường','15','15',TO_DATE('2025-05-11','YYYY-MM-DD'));
INSERT INTO PHONG_DANGTAI VALUES (12,14,'Bus Economy','ECONOMY','200000','Giá rẻ, tiện lợi','20','20',TO_DATE('2025-05-12','YYYY-MM-DD'));
INSERT INTO PHONG_DANGTAI VALUES (13,15,'Train VIP','VIP_TRAIN',700000,'Giường mềm 5 sao','5','5',TO_DATE('2025-05-01','YYYY-MM-DD'));
INSERT INTO PHONG_DANGTAI VALUES (14,15,'Train Standard','STANDARD',400000,'Ngồi thường','10',TO_DATE('2025-05-03','YYYY-MM-DD'));
INSERT INTO PHONG_DANGTAI VALUES (15,15,'Train Economy','ECONOMY',250000,'Giá tiết kiệm','20','20',TO_DATE('2025-05-05','YYYY-MM-DD'));

-- 6. CHUYEN_DANGTAI (15 rows)
INSERT INTO CHUYEN_DANGTAI(ID,DOANHNGHIEP_ID,LOAIPHUONGTIEN,DIEMDI,DIEMDEN,NGAYGIOKHOIHANH,GIA,MOTA,SOLUONGCONLAI,NGAYDANG) VALUES
 ( 1,14,'XE','Hà Nội','Đà Nẵng',TO_DATE('2025-06-05','YYYY-MM-DD'),500000,'Chuyến nhanh','20',TO_DATE('2025-05-01','YYYY-MM-DD'));
INSERT INTO CHUYEN_DANGTAI VALUES ( 2,14,'XE','HCM','Huế',TO_DATE('2025-06-10','YYYY-MM-DD'),550000,'Ghế ngã','15',TO_DATE('2025-05-02','YYYY-MM-DD'));
INSERT INTO CHUYEN_DANGTAI VALUES ( 3,15,'TAU','HN','SV','2025-06-07',700000,'Sleeper','10',TO_DATE('2025-05-03','YYYY-MM-DD'));
INSERT INTO CHUYEN_DANGTAI VALUES ( 4,15,'TAU','HCM','HUE','2025-06-12',750000,'Giường nằm','8',TO_DATE('2025-05-04','YYYY-MM-DD'));
INSERT INTO CHUYEN_DANGTAI VALUES ( 5,11,'MÁY BAY','Hà Nội','TPHCM',TO_DATE('2025-06-01','YYYY-MM-DD'),1200000,'Bay thẳng','50',TO_DATE('2025-05-05','YYYY-MM-DD'));
INSERT INTO CHUYEN_DANGTAI VALUES ( 6,12,'MÁY BAY','HN','DN','2025-06-03',1100000,'Giá ưu đãi','40',TO_DATE('2025-05-06','YYYY-MM-DD'));
INSERT INTO CHUYEN_DANGTAI VALUES ( 7,13,'XE','ĐN','QN','2025-06-08',300000,'Ghế mềm','25',TO_DATE('2025-05-07','YYYY-MM-DD'));
INSERT INTO CHUYEN_DANGTAI VALUES ( 8,13,'TAU','SG','QN','2025-06-15',800000,'Ghế thường','30',TO_DATE('2025-05-08','YYYY-MM-DD'));
INSERT INTO CHUYEN_DANGTAI VALUES ( 9,14,'MÁY BAY','HCM','VN','2025-06-20',1000000,'Bay giá rẻ','60',TO_DATE('2025-05-09','YYYY-MM-DD'));
INSERT INTO CHUYEN_DANGTAI VALUES (10,15,'TAU','HN','SV','2025-06-25',720000,'Giường mềm','12',TO_DATE('2025-05-10','YYYY-MM-DD'));
INSERT INTO CHUYEN_DANGTAI VALUES (11,11,'XE','SG','DN','2025-06-28',450000,'Xe khách','18',TO_DATE('2025-05-11','YYYY-MM-DD'));
INSERT INTO CHUYEN_DANGTAI VALUES (12,12,'MÁY BAY','DN','HN','2025-07-01',1150000,'Bay cao cấp','35',TO_DATE('2025-05-12','YYYY-MM-DD'));
INSERT INTO CHUYEN_DANGTAI VALUES (13,13,'TAU','QN','SG','2025-07-05',780000,'Ghế nằm','22',TO_DATE('2025-05-13','YYYY-MM-DD'));
INSERT INTO CHUYEN_DANGTAI VALUES (14,14,'XE','HN','HUE','2025-07-10',530000,'Xe ghế ngã','27',TO_DATE('2025-05-01','YYYY-MM-DD'));
INSERT INTO CHUYEN_DANGTAI VALUES (15,15,'MÁY BAY','HUE','HN','2025-07-15',1250000,'Bay nhanh','45',TO_DATE('2025-05-02','YYYY-MM-DD'));

-- 7. DATPHONG (12 rows)
INSERT INTO DATPHONG(ID,KHACHHANG_ID,PHONG_ID,NGAYNHAN,SONGAY,TRANGTHAI) VALUES ( 1,1,1, TO_DATE('2025-06-05','YYYY-MM-DD'),2,'CHOTHANHTOAN');
INSERT INTO DATPHONG VALUES ( 2,2,3, TO_DATE('2025-06-07','YYYY-MM-DD'),3,'DATHANHTOAN');
INSERT INTO DATPHONG VALUES ( 3,3,5, TO_DATE('2025-06-10','YYYY-MM-DD'),1,'CHOTHANHTOAN');
INSERT INTO DATPHONG VALUES ( 4,4,7, TO_DATE('2025-06-12','YYYY-MM-DD'),4,'DATHANHTOAN');
INSERT INTO DATPHONG VALUES ( 5,5,9, TO_DATE('2025-06-15','YYYY-MM-DD'),2,'HUY');
INSERT INTO DATPHONG VALUES ( 6,6,2, TO_DATE('2025-06-18','YYYY-MM-DD'),5,'DATHANHTOAN');
INSERT INTO DATPHONG VALUES ( 7,7,4, TO_DATE('2025-06-20','YYYY-MM-DD'),3,'CHOTHANHTOAN');
INSERT INTO DATPHONG VALUES ( 8,8,6, TO_DATE('2025-06-22','YYYY-MM-DD'),2,'DATHANHTOAN');
INSERT INTO DATPHONG VALUES ( 9,9,8, TO_DATE('2025-06-25','YYYY-MM-DD'),1,'CHOTHANHTOAN');
INSERT INTO DATPHONG VALUES (10,10,10,TO_DATE('2025-06-28','YYYY-MM-DD'),2,'DATHANHTOAN');
INSERT INTO DATPHONG VALUES (11,1,11,TO_DATE('2025-07-01','YYYY-MM-DD'),4,'CHOTHANHTOAN');
INSERT INTO DATPHONG VALUES (12,2,12,TO_DATE('2025-07-03','YYYY-MM-DD'),3,'DATHANHTOAN');

-- 8. DATVE (12 rows)
INSERT INTO DATVE(ID,KHACHHANG_ID,CHUYEN_ID,SOLUONG,NGAYDAT,TRANGTHAI) VALUES ( 1,1, 1,2,TO_DATE('2025-05-05','YYYY-MM-DD'),'CHOTHANHTOAN');
INSERT INTO DATVE VALUES ( 2,2, 2,1,TO_DATE('2025-05-06','YYYY-MM-DD'),'DATHANHTOAN');
INSERT INTO DATVE VALUES ( 3,3, 3,3,TO_DATE('2025-05-07','YYYY-MM-DD'),'CHOTHANHTOAN');
INSERT INTO DATVE VALUES ( 4,4, 4,1,TO_DATE('2025-05-08','YYYY-MM-DD'),'DATHANHTOAN');
INSERT INTO DATVE VALUES ( 5,5, 5,2,TO_DATE('2025-05-09','YYYY-MM-DD'),'CHOTHANHTOAN');
INSERT INTO DATVE VALUES ( 6,6, 6,4,TO_DATE('2025-05-10','YYYY-MM-DD'),'DATHANHTOAN');
INSERT INTO DATVE VALUES ( 7,7, 7,1,TO_DATE('2025-05-11','YYYY-MM-DD'),'CHOTHANHTOAN');
INSERT INTO DATVE VALUES ( 8,8, 8,2,TO_DATE('2025-05-12','YYYY-MM-DD'),'DATHANHTOAN');
INSERT INTO DATVE VALUES ( 9,9, 9,3,TO_DATE('2025-05-13','YYYY-MM-DD'),'CHOTHANHTOAN');
INSERT INTO DATVE VALUES (10,10,10,1,TO_DATE('2025-05-05','YYYY-MM-DD'),'DATHANHTOAN');
INSERT INTO DATVE VALUES (11,1,11,2,TO_DATE('2025-05-06','YYYY-MM-DD'),'CHOTHANHTOAN');
INSERT INTO DATVE VALUES (12,2,12,1,TO_DATE('2025-05-07','YYYY-MM-DD'),'DATHANHTOAN');

-- 9. THANHTOAN (12 rows)
INSERT INTO THANHTOAN(ID,KHACHHANG_ID,LOAIDON,MADON,SOTIEN,PHUONGTHUC,TRANGTHAI,NGAYGIAODICH,MAGIAODICH_DOITAC) VALUES
 ( 1,1,'PHONG',1,4000000,'MOMO','DATHANHTOAN',TO_DATE('2025-06-05','YYYY-MM-DD'),'TXN001');
INSERT INTO THANHTOAN VALUES ( 2,2,'PHONG',2,3600000,'VNPAY','DATHANHTOAN',TO_DATE('2025-06-07','YYYY-MM-DD'),'TXN002');
INSERT INTO THANHTOAN VALUES ( 3,3,'PHONG',3,1200000,'CREDIT','DATHANHTOAN',TO_DATE('2025-06-10','YYYY-MM-DD'),'TXN003');
INSERT INTO THANHTOAN VALUES ( 4,4,'PHONG',4,8800000,'MOMO','DATHANHTOAN',TO_DATE('2025-06-12','YYYY-MM-DD'),'TXN004');
INSERT INTO THANHTOAN VALUES ( 5,5,'PHONG',5,3000000,'VNPAY','DATHANHTOAN',TO_DATE('2025-06-15','YYYY-MM-DD'),'TXN005');
INSERT INTO THANHTOAN VALUES ( 6,6,'PHONG',6,6500000,'CREDIT','DATHANHTOAN',TO_DATE('2025-06-18','YYYY-MM-DD'),'TXN006');
INSERT INTO THANHTOAN VALUES ( 7,7,'VE',1,1000000,'MOMO','DATHANHTOAN',TO_DATE('2025-05-05','YYYY-MM-DD'),'TXN007');
INSERT INTO THANHTOAN VALUES ( 8,8,'VE',2,550000,'VNPAY','DATHANHTOAN',TO_DATE('2025-05-06','YYYY-MM-DD'),'TXN008');
INSERT INTO THANHTOAN VALUES ( 9,9,'VE',3,2100000,'CREDIT','DATHANHTOAN',TO_DATE('2025-05-07','YYYY-MM-DD'),'TXN009');
INSERT INTO THANHTOAN VALUES (10,10,'VE',4,3000000,'MOMO','DATHANHTOAN',TO_DATE('2025-05-08','YYYY-MM-DD'),'TXN010');
INSERT INTO THANHTOAN VALUES (11,1,'VE',5,750000,'VNPAY','DATHANHTOAN',TO_DATE('2025-05-09','YYYY-MM-DD'),'TXN011');
INSERT INTO THANHTOAN VALUES (12,2,'VE',6,2200000,'CREDIT','DATHANHTOAN',TO_DATE('2025-05-10','YYYY-MM-DD'),'TXN012');

-- 10. HOIDAP (10 rows)
INSERT INTO HOIDAP(ID,KHACHHANG_ID,NOIDUNG,NGAYGUI,NHANVIEN_ID,TRALOI,NGAYTRALOI) VALUES
 ( 1,1,'Có phòng Deluxe không?',TO_DATE('2025-05-01','YYYY-MM-DD'),16,'Còn phòng, vui lòng đặt trước. ',TO_DATE('2025-05-02','YYYY-MM-DD'));
INSERT INTO HOIDAP VALUES ( 2,2,'Giá xe Hà Nội-Đà Nẵng?','2025-05-03',17,'500K/vé xe','2025-05-04');
INSERT INTO HOIDAP VALUES ( 3,3,'Mình muốn hủy đặt phòng.','2025-05-05',16,'Đã hủy theo yêu cầu.','2025-05-06');
INSERT INTO HOIDAP VALUES ( 4,4,'Tàu nào nhanh nhất?','2025-05-07',18,'Tàu 5 sao, mất 8h.','2025-05-08');
INSERT INTO HOIDAP VALUES ( 5,5,'Thanh toán qua MOMO?','2025-05-09',17,'Được, số QR gửi qua.','2025-05-10');
INSERT INTO HOIDAP VALUES ( 6,6,'Check-in muộn?','2025-05-11',19,'Được, phụ thu 100K.','2025-05-12');
INSERT INTO HOIDAP VALUES ( 7,7,'Tặng thêm dịch vụ?','2025-05-13',20,'Bao gồm bữa sáng.','2025-05-14');
INSERT INTO HOIDAP VALUES ( 8,8,'Có tour tham quan?','2025-05-04',18,'Có, vui lòng liên hệ.','2025-05-05');
INSERT INTO HOIDAP VALUES ( 9,9,'Giá phòng Standard?','2025-05-06',16,'1.2tr/đêm','2025-05-07');
INSERT INTO HOIDAP VALUES (10,10,'Đổi chuyến?','2025-05-08',19,'Được, phụ thu 50K.','2025-05-09');


COMMIT;

select * from nguoidung;

select id, tenphong, loaiphong, gia, soluongconlai, tongsoluong from booking_app.phong_dangtai where doanhnghiep_id=11;
